{
   "dashboards": [{
      "autoswitchEnabled": false,
      "columnCount": 1,
      "columnProportion": "1-1",
      "creationTime": 1638104324516,
      "dashboardNavigations": {},
      "description": "",
      "disabled": false,
      "gridsterMaxColumns": 12,
      "hidden": false,
      "homeTab": false,
      "id": "0f77e019-985c-4426-afec-2d2bbc5af4cd",
      "importAttempts": 0,
      "importComplete": true,
      "lastUpdateTime": 1671658971712,
      "lastUpdateUserId": "287ed085-c6ca-4255-b69c-956f1665ed51",
      "locked": false,
      "name": "Custom Dashboards/vSphere Inventory v2",
      "namePath": "Custom Dashboards",
      "rank": 0,
      "shared": true,
      "states": [],
      "temporary": false,
      "userId": "287ed085-c6ca-4255-b69c-956f1665ed51",
      "widgetInteractions": [],
      "widgets": [
         {
            "collapsed": false,
            "config": {
               "chartViewItems": ["legend"],
               "isUpdatedView": true,
               "refreshContent": {"refreshContent": true},
               "refreshInterval": 300,
               "resource": {
                  "id": "Ext.vcops.chrome.model.Resource-21",
                  "resourceId": "resource:id:0_::_",
                  "resourceKindId": "002006VMWAREvSphere World",
                  "resourceName": "vSphere World",
                  "traversalSpecId": ""
               },
               "selectFirstRow": {"selectFirstRow": false},
               "selfProvider": {"selfProvider": true},
               "title": "ESXi Host Hardware",
               "traversalSpecId": null,
               "viewDefinitionId": "c2422141-bf17-4969-8ac5-8526af7e01c7"
            },
            "gridsterCoords": {
               "h": 6,
               "w": 3,
               "x": 1,
               "y": 21
            },
            "height": 324,
            "id": "3e6c6200-473b-483c-ac70-05e1fba366db",
            "states": [{
               "key": "perm_isDashboardTime_widget_0f77e019-985c-4426-afec-2d2bbc5af4cd_3e6c6200-473b-483c-ac70-05e1fba366db",
               "value": "b%3A0"
            }],
            "title": "ESXi Host Hardware",
            "type": "View"
         },
         {
            "collapsed": false,
            "config": {
               "chartViewItems": ["legend"],
               "isUpdatedView": true,
               "refreshContent": {"refreshContent": true},
               "refreshInterval": 300,
               "resource": {
                  "id": "Ext.vcops.chrome.model.Resource-25",
                  "resourceId": "resource:id:0_::_",
                  "resourceKindId": "002006VMWAREvSphere World",
                  "resourceName": "vSphere World",
                  "traversalSpecId": ""
               },
               "selectFirstRow": {"selectFirstRow": false},
               "selfProvider": {"selfProvider": true},
               "title": "ESXi Host BIOS Versions",
               "traversalSpecId": null,
               "viewDefinitionId": "ca7eddf0-38ed-46cb-9e58-21de18b61c0a"
            },
            "gridsterCoords": {
               "h": 6,
               "w": 3,
               "x": 4,
               "y": 21
            },
            "height": 324,
            "id": "95d1f847-3f2b-4b3f-8045-d710d190504f",
            "states": [{
               "key": "perm_isDashboardTime_widget_0f77e019-985c-4426-afec-2d2bbc5af4cd_95d1f847-3f2b-4b3f-8045-d710d190504f",
               "value": "b%3A0"
            }],
            "title": "ESXi Host BIOS Versions",
            "type": "View"
         },
         {
            "collapsed": false,
            "config": {
               "chartViewItems": ["legend"],
               "isUpdatedView": true,
               "refreshContent": {"refreshContent": true},
               "refreshInterval": 300,
               "resource": {
                  "id": "Ext.vcops.chrome.model.Resource-17",
                  "resourceId": "resource:id:0_::_",
                  "resourceKindId": "002006VMWAREvSphere World",
                  "resourceName": "vSphere World",
                  "traversalSpecId": ""
               },
               "selectFirstRow": {"selectFirstRow": false},
               "selfProvider": {"selfProvider": true},
               "title": "ESXi Host Versions",
               "traversalSpecId": null,
               "viewDefinitionId": "d3352245-69ed-4fb8-b8fc-fa5d0a32e2ac"
            },
            "gridsterCoords": {
               "h": 6,
               "w": 3,
               "x": 4,
               "y": 15
            },
            "height": 324,
            "id": "5b7bf713-ec73-44c7-a885-f749179bdd99",
            "states": [{
               "key": "perm_isDashboardTime_widget_0f77e019-985c-4426-afec-2d2bbc5af4cd_5b7bf713-ec73-44c7-a885-f749179bdd99",
               "value": "b%3A0"
            }],
            "title": "ESXi Host Versions",
            "type": "View"
         },
         {
            "collapsed": false,
            "config": {
               "chartViewItems": ["labels"],
               "isUpdatedView": true,
               "refreshContent": {"refreshContent": true},
               "refreshInterval": 300,
               "resource": {
                  "id": "Ext.vcops.chrome.model.Resource-33",
                  "resourceId": "resource:id:0_::_",
                  "resourceKindId": "002006VMWAREvSphere World",
                  "resourceName": "vSphere World",
                  "traversalSpecId": ""
               },
               "selectFirstRow": {"selectFirstRow": false},
               "selfProvider": {"selfProvider": true},
               "title": "VM VMTools Versions",
               "traversalSpecId": null,
               "viewDefinitionId": "49cf394e-1a87-4722-904b-0d787aff5204"
            },
            "gridsterCoords": {
               "h": 6,
               "w": 6,
               "x": 7,
               "y": 21
            },
            "height": 323,
            "id": "cc57cda6-7fcb-4d09-8c6d-4a0546f7594c",
            "states": [{
               "key": "perm_isDashboardTime_widget_0f77e019-985c-4426-afec-2d2bbc5af4cd_cc57cda6-7fcb-4d09-8c6d-4a0546f7594c",
               "value": "b%3A0"
            }],
            "title": "VM VMTools Versions",
            "type": "View"
         },
         {
            "collapsed": false,
            "config": {
               "chartViewItems": ["labels"],
               "isUpdatedView": true,
               "refreshContent": {"refreshContent": true},
               "refreshInterval": 300,
               "resource": {
                  "id": "Ext.vcops.chrome.model.Resource-29",
                  "resourceId": "resource:id:0_::_",
                  "resourceKindId": "002006VMWAREvSphere World",
                  "resourceName": "vSphere World",
                  "traversalSpecId": ""
               },
               "selectFirstRow": {"selectFirstRow": false},
               "selfProvider": {"selfProvider": true},
               "title": "VM OS Distribution",
               "traversalSpecId": null,
               "viewDefinitionId": "add79651-6238-4507-a690-8db168ecf514"
            },
            "gridsterCoords": {
               "h": 6,
               "w": 6,
               "x": 7,
               "y": 15
            },
            "height": 323,
            "id": "48804326-a19a-403a-a6b1-361405666e8c",
            "states": [{
               "key": "perm_isDashboardTime_widget_0f77e019-985c-4426-afec-2d2bbc5af4cd_48804326-a19a-403a-a6b1-361405666e8c",
               "value": "b%3A0"
            }],
            "title": "VM OS Distribution",
            "type": "View"
         },
         {
            "collapsed": false,
            "config": {
               "chartViewItems": ["legend"],
               "isUpdatedView": true,
               "refreshContent": {"refreshContent": true},
               "refreshInterval": 300,
               "resource": {
                  "id": "Ext.vcops.chrome.model.Resource-92",
                  "resourceId": "resource:id:0_::_",
                  "resourceKindId": "002006VMWAREvSphere World",
                  "resourceName": "vSphere World",
                  "traversalSpecId": ""
               },
               "selectFirstRow": {"selectFirstRow": false},
               "selfProvider": {"selfProvider": true},
               "title": "vCenter Versions",
               "traversalSpecId": null,
               "viewDefinitionId": "a2ff3593-6e31-4baf-b01c-0930eb383349"
            },
            "gridsterCoords": {
               "h": 6,
               "w": 3,
               "x": 1,
               "y": 15
            },
            "height": 323,
            "id": "c7a20f07-a833-49af-8b46-bc71cdac1f31",
            "states": [{
               "key": "perm_isDashboardTime_widget_0f77e019-985c-4426-afec-2d2bbc5af4cd_c7a20f07-a833-49af-8b46-bc71cdac1f31",
               "value": "b%3A0"
            }],
            "title": "vCenter Versions",
            "type": "View"
         },
         {
            "collapsed": false,
            "config": {
               "chartViewItems": [],
               "isUpdatedView": true,
               "refreshContent": {"refreshContent": true},
               "refreshInterval": 300,
               "resource": {
                  "id": "Ext.vcops.chrome.model.Resource-49",
                  "resourceId": "resource:id:0_::_",
                  "resourceKindId": "002006VMWAREvSphere World",
                  "resourceName": "vSphere World",
                  "traversalSpecId": ""
               },
               "selectFirstRow": {"selectFirstRow": false},
               "selfProvider": {"selfProvider": true},
               "title": "VMs",
               "traversalSpecId": null,
               "viewDefinitionId": "60a9e3eb-5db9-4255-80f3-2ae3f2c46d30"
            },
            "gridsterCoords": {
               "h": 10,
               "w": 12,
               "x": 1,
               "y": 27
            },
            "height": 552,
            "id": "890ecd67-aba8-4023-b4b2-7a3db0d105ff",
            "states": [{
               "key": "perm_isDashboardTime_widget_0f77e019-985c-4426-afec-2d2bbc5af4cd_890ecd67-aba8-4023-b4b2-7a3db0d105ff",
               "value": "b%3A0"
            }],
            "title": "VMs",
            "type": "View"
         },
         {
            "collapsed": false,
            "config": {
               "boxColumns": 6,
               "boxHeight": null,
               "customFilter": {
                  "excludedResources": null,
                  "filter": [],
                  "includedResources": null
               },
               "depth": 1,
               "labelSize": 16,
               "maxCellCount": 100,
               "metric": {
                  "mode": "resourceKind",
                  "resourceKindMetrics": [
                     {
                        "colorMethod": 2,
                        "handleOldColoring": false,
                        "id": "extModel32432-5",
                        "isStringMetric": false,
                        "label": "vCenters",
                        "link": "",
                        "metricKey": "summary|total_number_vcenters",
                        "metricName": "Summary|Total Number of vCenter Server(s)",
                        "metricUnitId": null,
                        "orangeBound": null,
                        "redBound": null,
                        "resourceKindId": "resourceKind:id:0_::_",
                        "resourceKindName": "vSphere World",
                        "unit": "",
                        "yellowBound": null
                     },
                     {
                        "colorMethod": 2,
                        "handleOldColoring": false,
                        "id": "extModel32432-2",
                        "isStringMetric": false,
                        "label": "Datacenters",
                        "link": "",
                        "metricKey": "summary|total_number_datacenters",
                        "metricName": "Summary|Total Number of Datacenters",
                        "metricUnitId": null,
                        "orangeBound": null,
                        "redBound": null,
                        "resourceKindId": "resourceKind:id:0_::_",
                        "resourceKindName": "vSphere World",
                        "unit": "",
                        "yellowBound": null
                     },
                     {
                        "colorMethod": 2,
                        "handleOldColoring": false,
                        "id": "extModel32432-1",
                        "isStringMetric": false,
                        "label": "Clusters",
                        "link": "",
                        "metricKey": "summary|total_number_clusters",
                        "metricName": "Summary|Total Number of Clusters",
                        "metricUnitId": null,
                        "orangeBound": null,
                        "redBound": null,
                        "resourceKindId": "resourceKind:id:0_::_",
                        "resourceKindName": "vSphere World",
                        "unit": "",
                        "yellowBound": null
                     },
                     {
                        "colorMethod": 2,
                        "handleOldColoring": false,
                        "id": "extModel32432-4",
                        "isStringMetric": false,
                        "label": "ESXi Hosts",
                        "link": "",
                        "metricKey": "summary|total_number_hosts",
                        "metricName": "Summary|Total Number of Hosts",
                        "metricUnitId": null,
                        "orangeBound": null,
                        "redBound": null,
                        "resourceKindId": "resourceKind:id:0_::_",
                        "resourceKindName": "vSphere World",
                        "unit": "",
                        "yellowBound": null
                     },
                     {
                        "colorMethod": 2,
                        "handleOldColoring": false,
                        "id": "extModel32432-6",
                        "isStringMetric": false,
                        "label": "VMs",
                        "link": "",
                        "metricKey": "summary|total_number_vms",
                        "metricName": "Summary|Total Number of VMs",
                        "metricUnitId": null,
                        "orangeBound": null,
                        "redBound": null,
                        "resourceKindId": "resourceKind:id:0_::_",
                        "resourceKindName": "vSphere World",
                        "unit": "",
                        "yellowBound": null
                     },
                     {
                        "colorMethod": 2,
                        "handleOldColoring": false,
                        "id": "extModel32432-3",
                        "isStringMetric": false,
                        "label": "Datastores",
                        "link": "",
                        "metricKey": "summary|total_number_datastores",
                        "metricName": "Summary|Total Number of Datastores",
                        "metricUnitId": null,
                        "orangeBound": null,
                        "redBound": null,
                        "resourceKindId": "resourceKind:id:0_::_",
                        "resourceKindName": "vSphere World",
                        "unit": "",
                        "yellowBound": null
                     }
                  ],
                  "resourceMetrics": [],
                  "subMode": "resourceKindAll"
               },
               "mode": {"layoutMode": "fixedView"},
               "oldMetricValues": false,
               "periodLength": null,
               "refreshContent": {"refreshContent": true},
               "refreshInterval": 300,
               "relationshipMode": {"relationshipMode": 0},
               "resInteractionMode": null,
               "resource": [],
               "roundDecimals": null,
               "selfProvider": {"selfProvider": true},
               "showDT": {"showDT": false},
               "showMetricName": {"showMetricName": true},
               "showMetricUnit": {"showMetricUnit": true},
               "showResourceName": {"showResourceName": false},
               "showSparkline": {"showSparkline": false},
               "title": "Inventory",
               "valueSize": 24,
               "visualTheme": 8
            },
            "gridsterCoords": {
               "h": 3,
               "w": 12,
               "x": 1,
               "y": 1
            },
            "height": 152,
            "id": "7e61a1d4-76e9-4ef5-97ad-f6fd456e8ff1",
            "title": "Inventory",
            "type": "Scoreboard"
         },
         {
            "collapsed": false,
            "config": {
               "alertAction": [],
               "alertImpact": [],
               "criticalityLevel": [],
               "customFilter": {
                  "excludedResources": null,
                  "filter": [],
                  "includedResources": null
               },
               "depth": 1,
               "filterMode": "tagPicker",
               "mode": "all",
               "refreshContent": {"refreshContent": true},
               "refreshInterval": 300,
               "relationshipMode": {"relationshipMode": [
                  -1,
                  0
               ]},
               "resource": [],
               "selfProvider": {"selfProvider": true},
               "state": [],
               "status": [0],
               "tagFilter": null,
               "title": "Active Alerts",
               "type": []
            },
            "gridsterCoords": {
               "h": 6,
               "w": 12,
               "x": 1,
               "y": 4
            },
            "height": 324,
            "id": "52348ae5-f649-4c2a-9d9d-fd1940024a1b",
            "states": [
               {
                  "key": "permViewMode_widget_0f77e019-985c-4426-afec-2d2bbc5af4cd_52348ae5-f649-4c2a-9d9d-fd1940024a1b",
                  "value": "s%3Atime"
               },
               {
                  "key": "permAlertGrid_perm_widget_0f77e019-985c-4426-afec-2d2bbc5af4cd_52348ae5-f649-4c2a-9d9d-fd1940024a1b",
                  "value": "o%3Acolumns%3Da%253Ao%25253Aid%25253Ds%2525253Ah1%25255Ehidden%25253Db%2525253A1%25255Ewidth%25253Dn%2525253A100%255Eo%25253Aid%25253Ds%2525253Ah2%255Eo%25253Aid%25253Ds%2525253Ah3%255Eo%25253Aid%25253Ds%2525253Ah4%255Eo%25253Aid%25253Ds%2525253Ah5%255Eo%25253Aid%25253Ds%2525253Ah6%255Eo%25253Aid%25253Ds%2525253Ah7%25255Ehidden%25253Db%2525253A0%255Eo%25253Aid%25253Ds%2525253Ah8%25255Ehidden%25253Db%2525253A0%255Eo%25253Aid%25253Ds%2525253Ah9%25255Ehidden%25253Db%2525253A1%255Eo%25253Aid%25253Ds%2525253Ah10%25255Ehidden%25253Db%2525253A1%255Eo%25253Aid%25253Ds%2525253Ah11%255Eo%25253Aid%25253Ds%2525253Ah12%255Eo%25253Aid%25253Ds%2525253Ah13%25255Ehidden%25253Db%2525253A1%255Eo%25253Aid%25253Ds%2525253Ah14%25255Ehidden%25253Db%2525253A1%255Eo%25253Aid%25253Ds%2525253Ah15%25255Ehidden%25253Db%2525253A0%5EstoreState%3Do%253Asorters%253Da%25253Ao%2525253Aroot%2525253Ds%252525253Adata%2525255Eproperty%2525253Ds%252525253AstartTimeUtc%2525255Edirection%2525253Ds%252525253ADESC%2525255Eid%2525253Ds%252525253AstartTimeUtc"
               },
               {
                  "key": "permDateFilter_widget_0f77e019-985c-4426-afec-2d2bbc5af4cd_52348ae5-f649-4c2a-9d9d-fd1940024a1b",
                  "value": "s%3A%7B%22dateRange%22%3A%22last30Days%22%2C%22dateFrom%22%3Anull%2C%22dateTo%22%3Anull%2C%22timeFrom%22%3Anull%2C%22timeTo%22%3Anull%7D"
               }
            ],
            "title": "Active Alerts",
            "type": "AlertList"
         },
         {
            "collapsed": false,
            "config": {
               "chartViewItems": ["legend"],
               "isUpdatedView": true,
               "refreshContent": {"refreshContent": true},
               "refreshInterval": 300,
               "resource": {
                  "id": "Ext.vcops.chrome.model.Resource-2",
                  "resourceId": "resource:id:0_::_",
                  "resourceKindId": "002006VMWAREvSphere World",
                  "resourceName": "vSphere World",
                  "traversalSpecId": ""
               },
               "selectFirstRow": {"selectFirstRow": false},
               "selfProvider": {"selfProvider": true},
               "title": "vCenter Health",
               "traversalSpecId": null,
               "viewDefinitionId": "7b96ed68-88e4-4fe2-896b-5838d11932a2"
            },
            "gridsterCoords": {
               "h": 5,
               "w": 2,
               "x": 1,
               "y": 10
            },
            "height": 267,
            "id": "292bb087-5a41-46b4-8451-0fa6f4ee9f90",
            "states": [{
               "key": "perm_isDashboardTime_widget_0f77e019-985c-4426-afec-2d2bbc5af4cd_292bb087-5a41-46b4-8451-0fa6f4ee9f90",
               "value": "b%3A0"
            }],
            "title": "vCenter Health",
            "type": "View"
         },
         {
            "collapsed": false,
            "config": {
               "chartViewItems": ["legend"],
               "isUpdatedView": true,
               "refreshContent": {"refreshContent": true},
               "refreshInterval": 300,
               "resource": {
                  "id": "Ext.vcops.chrome.model.Resource-3",
                  "resourceId": "resource:id:0_::_",
                  "resourceKindId": "002006VMWAREvSphere World",
                  "resourceName": "vSphere World",
                  "traversalSpecId": ""
               },
               "selectFirstRow": {"selectFirstRow": false},
               "selfProvider": {"selfProvider": true},
               "title": "Datacenter Health",
               "traversalSpecId": null,
               "viewDefinitionId": "6694b7fd-15b3-41a2-987d-cc716099d088"
            },
            "gridsterCoords": {
               "h": 5,
               "w": 2,
               "x": 3,
               "y": 10
            },
            "height": 267,
            "id": "081ba5d7-5b94-4bbd-8554-177377b0160c",
            "states": [{
               "key": "perm_isDashboardTime_widget_0f77e019-985c-4426-afec-2d2bbc5af4cd_081ba5d7-5b94-4bbd-8554-177377b0160c",
               "value": "b%3A0"
            }],
            "title": "Datacenter Health",
            "type": "View"
         },
         {
            "collapsed": false,
            "config": {
               "chartViewItems": ["legend"],
               "isUpdatedView": true,
               "refreshContent": {"refreshContent": true},
               "refreshInterval": 300,
               "resource": {
                  "id": "Ext.vcops.chrome.model.Resource-4",
                  "resourceId": "resource:id:0_::_",
                  "resourceKindId": "002006VMWAREvSphere World",
                  "resourceName": "vSphere World",
                  "traversalSpecId": ""
               },
               "selectFirstRow": {"selectFirstRow": false},
               "selfProvider": {"selfProvider": true},
               "title": "Cluster Health",
               "traversalSpecId": null,
               "viewDefinitionId": "d6f49bf2-e4de-41aa-a944-21086db5a73f"
            },
            "gridsterCoords": {
               "h": 5,
               "w": 2,
               "x": 5,
               "y": 10
            },
            "height": 267,
            "id": "c242f367-280f-4d90-b0d3-b0545440548c",
            "states": [{
               "key": "perm_isDashboardTime_widget_0f77e019-985c-4426-afec-2d2bbc5af4cd_c242f367-280f-4d90-b0d3-b0545440548c",
               "value": "b%3A0"
            }],
            "title": "Cluster Health",
            "type": "View"
         },
         {
            "collapsed": false,
            "config": {
               "chartViewItems": ["legend"],
               "isUpdatedView": true,
               "refreshContent": {"refreshContent": true},
               "refreshInterval": 300,
               "resource": {
                  "id": "Ext.vcops.chrome.model.Resource-6",
                  "resourceId": "resource:id:0_::_",
                  "resourceKindId": "002006VMWAREvSphere World",
                  "resourceName": "vSphere World",
                  "traversalSpecId": ""
               },
               "selectFirstRow": {"selectFirstRow": false},
               "selfProvider": {"selfProvider": true},
               "title": "VM Health",
               "traversalSpecId": null,
               "viewDefinitionId": "d95c5a87-4a73-4064-99cc-80cd7b65001f"
            },
            "gridsterCoords": {
               "h": 5,
               "w": 2,
               "x": 9,
               "y": 10
            },
            "height": 267,
            "id": "a56205de-3e20-420e-8a94-029f9d9a3c8c",
            "states": [{
               "key": "perm_isDashboardTime_widget_0f77e019-985c-4426-afec-2d2bbc5af4cd_a56205de-3e20-420e-8a94-029f9d9a3c8c",
               "value": "b%3A0"
            }],
            "title": "VM Health",
            "type": "View"
         },
         {
            "collapsed": false,
            "config": {
               "chartViewItems": ["legend"],
               "isUpdatedView": true,
               "refreshContent": {"refreshContent": true},
               "refreshInterval": 300,
               "resource": {
                  "id": "Ext.vcops.chrome.model.Resource-5",
                  "resourceId": "resource:id:0_::_",
                  "resourceKindId": "002006VMWAREvSphere World",
                  "resourceName": "vSphere World",
                  "traversalSpecId": ""
               },
               "selectFirstRow": {"selectFirstRow": false},
               "selfProvider": {"selfProvider": true},
               "title": "ESXi Host Health",
               "traversalSpecId": null,
               "viewDefinitionId": "dddfa2f3-bd42-43f0-a502-f2139d1d4968"
            },
            "gridsterCoords": {
               "h": 5,
               "w": 2,
               "x": 7,
               "y": 10
            },
            "height": 267,
            "id": "778c1b4b-ea52-4436-a19e-e543cf25bd3f",
            "states": [{
               "key": "perm_isDashboardTime_widget_0f77e019-985c-4426-afec-2d2bbc5af4cd_778c1b4b-ea52-4436-a19e-e543cf25bd3f",
               "value": "b%3A0"
            }],
            "title": "ESXi Host Health",
            "type": "View"
         },
         {
            "collapsed": false,
            "config": {
               "chartViewItems": ["legend"],
               "isUpdatedView": true,
               "refreshContent": {"refreshContent": true},
               "refreshInterval": 300,
               "resource": {
                  "id": "Ext.vcops.chrome.model.Resource-8",
                  "resourceId": "resource:id:0_::_",
                  "resourceKindId": "002006VMWAREvSphere World",
                  "resourceName": "vSphere World",
                  "traversalSpecId": ""
               },
               "selectFirstRow": {"selectFirstRow": false},
               "selfProvider": {"selfProvider": true},
               "title": "Datastore Health",
               "traversalSpecId": null,
               "viewDefinitionId": "cc65d85d-8597-4137-9d48-c2a1b9bd231f"
            },
            "gridsterCoords": {
               "h": 5,
               "w": 2,
               "x": 11,
               "y": 10
            },
            "height": 267,
            "id": "56593b37-5e56-4eb9-962f-ccc4828de46f",
            "states": [{
               "key": "perm_isDashboardTime_widget_0f77e019-985c-4426-afec-2d2bbc5af4cd_56593b37-5e56-4eb9-962f-ccc4828de46f",
               "value": "b%3A0"
            }],
            "title": "Datastore Health",
            "type": "View"
         }
      ]
   }],
   "entries": {
      "resource": [{
         "adapterKindKey": "VMWARE",
         "identifiers": [],
         "internalId": "resource:id:0_::_",
         "name": "vSphere World",
         "resourceKindKey": "vSphere World"
      }],
      "resourceKind": [{
         "adapterKindKey": "VMWARE",
         "internalId": "resourceKind:id:0_::_",
         "resourceKindKey": "vSphere World"
      }]
   },
   "uuid": "bdf76d16-cf1b-40de-95bc-9d1ec1824229"
}